"행정구역","2024년11월_남_총인구수","2024년11월_남_연령구간인구수","2024년11월_남_0~9세","2024년11월_남_10~19세","2024년11월_남_20~29세","2024년11월_남_30~39세","2024년11월_남_40~49세","2024년11월_남_50~59세","2024년11월_남_60~69세","2024년11월_남_70~79세","2024년11월_남_80~89세","2024년11월_남_90~99세","2024년11월_남_100세 이상","2024년11월_여_총인구수","2024년11월_여_연령구간인구수","2024년11월_여_0~9세","2024년11월_여_10~19세","2024년11월_여_20~29세","2024년11월_여_30~39세","2024년11월_여_40~49세","2024년11월_여_50~59세","2024년11월_여_60~69세","2024년11월_여_70~79세","2024년11월_여_80~89세","2024년11월_여_90~99세","2024년11월_여_100세 이상"
"서울특별시  (1100000000)","4,507,664","4,507,664","248,988","369,160","618,386","721,116","685,509","731,718","626,930","348,091","144,068","13,368","330","4,827,831","4,827,831","236,534","352,556","694,359","719,488","702,180","755,916","697,519","421,988","210,459","35,681","1,151"
"서울특별시 종로구 (1111000000)","66,673","66,673","2,829","4,617","9,887","9,787","8,999","11,544","10,508","5,423","2,715","352","12","71,904","71,904","2,722","4,813","11,173","9,908","9,599","11,869","10,508","6,439","4,100","745","28"
"서울특별시 중구 (1114000000)","58,247","58,247","2,737","2,986","7,519","10,797","8,365","9,337","9,152","4,935","2,184","228","7","62,684","62,684","2,631","2,974","9,297","10,861","8,142","9,337","9,276","5,877","3,587","686","16"
"서울특별시 용산구 (1117000000)","97,628","97,628","5,226","6,608","12,640","18,079","14,562","15,954","13,884","6,919","3,283","457","16","106,451","106,451","5,072","6,333","15,208","18,672","14,919","16,773","14,565","8,505","5,368","1,000","36"
"서울특별시 성동구 (1120000000)","132,769","132,769","8,285","8,686","18,819","22,757","19,987","21,359","18,937","9,447","4,110","370","12","141,518","141,518","7,755","8,787","20,302","23,704","19,892","22,226","19,714","11,586","6,520","1,010","22"
"서울특별시 광진구 (1121500000)","159,576","159,576","7,280","11,637","26,388","27,633","22,882","25,402","21,977","11,217","4,706","441","13","172,995","172,995","6,941","11,444","30,715","27,770","23,829","26,995","24,030","13,376","6,747","1,113","35"
"서울특별시 동대문구 (1123000000)","166,095","166,095","8,754","11,371","26,268","25,650","24,377","26,309","23,766","13,228","5,832","528","12","173,516","173,516","8,501","11,035","29,518","24,517","23,055","25,833","24,900","16,046","8,749","1,324","38"
"서울특별시 중랑구 (1126000000)","185,591","185,591","9,082","11,965","22,605","29,694","27,030","31,355","30,939","16,053","6,348","510","10","193,950","193,950","8,802","11,364","25,136","28,510","24,951","32,191","33,114","18,976","9,365","1,494","47"
"서울특별시 성북구 (1129000000)","202,309","202,309","11,605","17,345","29,826","27,967","30,134","34,914","27,528","15,132","7,159","683","16","219,832","219,832","10,996","16,724","33,926","27,876","31,043","35,903","31,094","19,485","10,982","1,755","48"
"서울특별시 강북구 (1130500000)","136,992","136,992","5,446","9,378","17,081","18,205","19,759","24,595","22,789","13,105","6,134","488","12","146,942","146,942","5,181","9,055","19,272","16,413","18,394","25,200","25,235","17,498","9,405","1,258","31"
"서울특별시 도봉구 (1132000000)","146,848","146,848","6,731","11,182","17,711","19,197","20,491","25,674","25,109","14,064","6,133","544","12","156,620","156,620","6,324","10,420","18,143","18,206","20,400","27,759","28,273","16,453","9,100","1,493","49"
"서울특별시 노원구 (1135000000)","235,878","235,878","12,692","23,672","32,509","30,697","34,484","41,347","33,863","18,400","7,416","777","21","256,194","256,194","11,905","22,002","31,946","30,092","37,793","44,575","39,399","23,245","12,860","2,301","76"
"서울특별시 은평구 (1138000000)","218,310","218,310","11,337","17,577","27,468","32,325","33,272","37,321","32,186","17,890","8,208","709","17","242,776","242,776","10,878","16,771","31,967","33,907","34,226","40,232","37,179","23,401","12,350","1,814","51"
"서울특별시 서대문구 (1141000000)","143,714","143,714","8,464","10,844","21,547","22,168","21,173","23,557","19,655","10,506","5,245","544","11","159,739","159,739","8,061","10,931","25,559","22,691","21,794","25,045","22,069","13,832","8,405","1,298","54"
"서울특별시 마포구 (1144000000)","168,544","168,544","9,943","12,958","24,904","30,464","26,816","27,351","20,153","10,184","5,184","578","9","193,297","193,297","9,525","13,018","32,533","34,023","28,916","28,901","22,709","14,025","8,208","1,399","40"
"서울특별시 양천구 (1147000000)","210,547","210,547","12,345","24,356","25,184","26,194","33,886","36,663","29,934","16,167","5,327","481","10","221,076","221,076","11,658","22,551","24,816","26,479","37,023","37,457","33,102","18,264","8,107","1,567","52"
"서울특별시 강서구 (1150000000)","266,725","266,725","14,833","20,906","34,148","48,052","42,246","40,334","37,013","21,106","7,370","699","18","290,370","290,370","14,210","19,922","41,698","48,297","41,876","42,407","43,451","24,848","11,396","2,195","70"
"서울특별시 구로구 (1153000000)","190,209","190,209","10,894","14,044","23,325","31,093","28,952","30,528","27,845","16,564","6,456","495","13","198,279","198,279","10,261","13,537","25,166","29,867","27,723","30,974","31,027","19,439","8,861","1,383","41"
"서울특별시 금천구 (1154500000)","113,304","113,304","4,611","6,297","16,211","21,182","15,232","18,363","18,243","9,269","3,599","288","9","112,067","112,067","4,468","6,146","17,545","17,272","13,244","18,146","18,573","10,776","5,108","765","24"
"서울특별시 영등포구 (1156000000)","183,006","183,006","10,682","11,669","24,863","36,780","27,226","27,734","24,361","13,326","5,783","571","11","191,195","191,195","10,255","10,897","30,764","36,023","25,811","27,093","25,075","15,639","8,256","1,333","49"
"서울특별시 동작구 (1159000000)","181,886","181,886","9,563","12,948","29,960","31,009","26,434","27,889","23,615","13,614","6,259","577","18","194,554","194,554","9,189","12,370","32,438","29,751","26,437","29,331","27,221","17,657","8,635","1,477","48"
"서울특별시 관악구 (1162000000)","240,716","240,716","7,759","12,237","50,137","50,828","31,992","33,504","28,717","17,297","7,692","547","6","237,451","237,451","7,371","11,957","53,781","39,861","27,522","31,805","31,831","21,586","10,296","1,396","45"
"서울특별시 서초구 (1165000000)","194,172","194,172","13,723","22,618","23,248","26,402","32,792","32,708","22,547","13,783","5,746","591","14","214,210","214,210","12,967","22,122","25,848","30,739","38,274","33,607","25,898","16,540","6,857","1,309","49"
"서울특별시 강남구 (1168000000)","266,731","266,731","17,033","33,181","31,454","38,221","46,143","44,030","29,868","18,734","7,349","700","18","291,211","291,211","16,132","30,375","35,353","43,042","54,916","43,976","34,403","22,421","8,719","1,806","68"
"서울특별시 송파구 (1171000000)","312,616","312,616","21,401","28,849","38,201","50,722","50,719","48,498","41,962","23,624","7,896","724","20","339,294","339,294","20,053","28,075","43,214","55,308","54,474","51,884","47,907","25,777","10,382","2,152","68"
"서울특별시 강동구 (1174000000)","228,578","228,578","15,733","21,229","26,483","35,213","37,556","35,448","32,379","18,104","5,934","486","13","239,706","239,706","14,676","18,933","29,041","35,699","37,927","36,397","36,966","20,297","8,096","1,608","66"
"부산광역시  (2600000000)","1,591,231","1,591,231","93,471","134,871","184,295","200,848","238,737","263,430","263,389","151,321","56,426","4,381","62","1,677,762","1,677,762","89,111","127,997","175,909","188,353","233,777","274,665","297,620","183,648","91,890","14,430","362"
"부산광역시 중구 (2611000000)","18,254","18,254","401","763","2,388","2,310","2,220","3,208","3,631","2,293","952","86","2","19,374","19,374","335","794","2,707","1,883","1,909","2,974","3,934","2,951","1,602","273","12"
"부산광역시 서구 (2614000000)","49,571","49,571","2,350","3,606","5,544","5,263","6,681","8,528","9,186","5,782","2,429","196","6","53,668","53,668","2,157","3,389","5,964","5,026","6,435","8,245","10,235","7,376","4,161","664","16"
"부산광역시 동구 (2617000000)","41,818","41,818","1,891","2,288","4,238","5,693","5,918","7,217","7,526","4,833","2,041","169","4","44,269","44,269","1,809","2,221","4,581","5,199","5,047","6,649","8,258","6,227","3,696","571","11"
"부산광역시 영도구 (2620000000)","51,047","51,047","2,026","3,357","5,049","4,905","6,762","8,991","10,339","6,731","2,680","206","1","52,923","52,923","1,922","3,150","4,120","4,232","6,095","8,438","11,149","8,497","4,658","648","14"
"부산광역시 부산진구 (2623000000)","172,396","172,396","9,510","11,894","22,916","26,059","24,793","27,347","27,442","15,835","6,094","503","3","187,460","187,460","9,122","11,907","25,511","25,254","24,040","28,752","31,613","19,492","10,284","1,451","34"
"부산광역시 동래구 (2626000000)","131,897","131,897","9,286","13,402","13,874","16,282","21,011","21,570","19,682","11,952","4,508","329","1","141,757","141,757","8,892","12,419","13,406","16,195","22,109","22,907","23,542","14,482","6,704","1,080","21"
"부산광역시 남구 (2629000000)","124,008","124,008","6,901","11,420","16,666","14,052","18,219","20,647","18,917","11,915","4,923","341","7","130,776","130,776","6,481","10,750","15,155","13,166","18,309","21,216","22,158","14,940","7,478","1,101","22"
"부산광역시 북구 (2632000000)","131,490","131,490","7,569","10,679","14,715","16,813","18,044","22,235","25,030","12,162","3,958","282","3","136,498","136,498","7,087","9,983","13,031","15,060","17,378","25,236","26,935","13,880","6,766","1,111","31"
"부산광역시 해운대구 (2635000000)","180,314","180,314","11,122","18,116","19,807","20,617","27,545","31,641","29,289","15,707","5,924","535","11","196,134","196,134","10,680","16,947","18,284","20,661","29,904","35,331","33,289","19,276","10,092","1,629","41"
"부산광역시 사하구 (2638000000)","145,205","145,205","7,317","11,852","17,120","16,964","21,180","25,026","26,110","14,560","4,723","349","4","147,586","147,586","6,891","11,264","14,617","14,710","19,755","25,692","28,655","16,851","7,874","1,240","37"
"부산광역시 금정구 (2641000000)","102,443","102,443","4,429","7,950","14,551","11,351","13,378","16,891","18,325","10,850","4,358","354","6","107,934","107,934","4,395","7,541","12,543","9,657","13,328","18,109","21,108","13,379","6,725","1,119","30"
"부산광역시 강서구 (2644000000)","73,974","73,974","8,266","8,221","5,911","11,384","16,017","9,565","8,830","4,434","1,236","108","2","68,803","68,803","7,797","7,899","4,874","10,858","13,506","8,168","8,900","4,324","2,071","402","4"
"부산광역시 연제구 (2647000000)","101,438","101,438","6,617","8,600","11,157","13,921","15,654","16,392","15,569","9,493","3,778","255","2","111,043","111,043","6,421","8,371","11,440","13,886","16,050","17,934","18,660","11,807","5,614","843","17"
"부산광역시 수영구 (2650000000)","80,484","80,484","4,180","5,849","9,932","11,631","11,603","12,569","12,392","8,470","3,550","302","6","91,542","91,542","4,114","5,459","11,227","11,576","11,975","14,079","16,099","10,923","5,193","874","23"
"부산광역시 사상구 (2653000000)","99,792","99,792","4,439","6,847","12,168","12,947","13,364","17,513","19,938","9,610","2,801","164","1","99,278","99,278","4,147","6,502","11,174","10,734","11,919","17,671","20,521","11,112","4,800","677","21"
"부산광역시 기장군 (2671000000)","87,100","87,100","7,167","10,027","8,259","10,656","16,348","14,090","11,183","6,694","2,471","202","3","88,717","88,717","6,861","9,401","7,275","10,256","16,018","13,264","12,564","8,131","4,172","747","28"
"대구광역시  (2700000000)","1,160,074","1,160,074","73,254","109,354","141,486","150,828","171,511","204,380","178,920","90,481","36,544","3,280","36","1,204,260","1,204,260","69,412","103,115","127,851","131,623","174,239","214,254","195,642","113,594","63,853","10,455","222"
"대구광역시 중구 (2711000000)","46,349","46,349","3,940","3,482","6,167","8,648","7,238","6,681","5,320","3,131","1,576","161","5","50,408","50,408","3,878","3,509","7,220","8,181","6,957","7,011","6,114","4,439","2,651","431","17"
"대구광역시 동구 (2714000000)","167,704","167,704","10,693","13,524","18,710","23,800","24,913","27,915","26,339","15,042","6,236","525","7","175,073","175,073","10,083","12,475","17,308","20,568","23,661","29,190","30,253","19,176","10,676","1,646","37"
"대구광역시 서구 (2717000000)","81,103","81,103","3,617","4,744","8,535","10,860","10,647","14,988","15,896","8,384","3,214","218","0","82,442","82,442","3,278","4,711","7,509","8,292","9,169","14,490","17,476","10,915","5,743","838","21"
"대구광역시 남구 (2720000000)","64,693","64,693","2,708","4,130","8,121","8,661","8,466","11,367","11,063","6,702","3,136","337","2","70,868","70,868","2,466","3,865","8,779","7,262","8,448","11,600","12,985","9,060","5,446","938","19"
"대구광역시 북구 (2723000000)","205,000","205,000","12,179","19,529","28,785","26,008","29,640","38,113","30,516","14,101","5,665","458","6","208,719","208,719","11,621","18,543","24,985","21,925","30,267","39,439","32,326","17,839","10,141","1,599","34"
"대구광역시 수성구 (2726000000)","196,790","196,790","13,056","24,534","24,073","20,985","29,731","35,494","27,581","14,262","6,376","693","5","212,254","212,254","12,191","22,606","21,187","20,561","34,808","39,381","30,845","18,290","10,473","1,874","38"
"대구광역시 달서구 (2729000000)","256,097","256,097","15,245","25,213","33,128","32,491","36,890","46,656","40,645","18,551","6,704","567","7","266,615","266,615","14,475","24,168","29,937","28,007","38,688","50,741","44,247","22,576","11,897","1,846","33"
"대구광역시 달성군 (2771000000)","130,728","130,728","11,551","13,721","13,391","18,692","23,031","21,005","18,229","8,241","2,637","226","4","127,036","127,036","11,209","12,856","10,548","16,346","21,529","20,805","18,606","9,204","4,986","927","20"
"대구광역시 군위군 (2772000000)","11,610","11,610","265","477","576","683","955","2,161","3,331","2,067","1,000","95","0","10,845","10,845","211","382","378","481","712","1,597","2,790","2,095","1,840","356","3"
"인천광역시  (2800000000)","1,508,189","1,508,189","100,217","139,625","182,203","219,908","244,928","257,576","225,954","98,221","35,966","3,495","96","1,510,400","1,510,400","95,395","132,675","170,320","201,082","231,493","259,221","231,953","112,935","62,322","12,600","404"
"인천광역시 중구 (2811000000)","86,001","86,001","6,406","7,639","10,593","14,662","15,257","13,899","10,179","5,243","1,934","181","8","80,353","80,353","6,031","7,421","10,526","12,264","13,211","11,379","9,840","5,927","3,091","637","26"
"인천광역시 중구영종출장소 (2811400000)","0","0","0","0","0","0","0","0","0","0","0","0","0","0","0","0","0","0","0","0","0","0","0","0","0","0"
"인천광역시 중구용유출장소 (2811800000)","0","0","0","0","0","0","0","0","0","0","0","0","0","0","0","0","0","0","0","0","0","0","0","0","0","0"
"인천광역시 동구 (2814000000)","29,263","29,263","1,345","2,333","3,040","3,442","4,587","5,166","5,002","2,988","1,267","87","6","29,119","29,119","1,247","2,068","2,752","2,911","3,959","4,671","5,212","3,744","2,131","411","13"
"인천광역시 미추홀구 (2817700000)","207,641","207,641","12,074","16,339","26,939","30,648","33,413","34,823","30,830","15,672","6,322","571","10","204,893","204,893","11,496","15,458","23,975","26,473","29,348","33,452","33,183","19,221","10,311","1,921","55"
"인천광역시 연수구 (2818500000)","198,119","198,119","16,832","23,503","24,091","27,757","34,282","32,790","25,996","9,271","3,231","360","6","202,055","202,055","16,316","22,410","22,616","27,902","35,526","34,314","25,799","10,117","5,676","1,332","47"
"인천광역시 남동구 (2820000000)","241,482","241,482","13,657","23,279","29,499","32,328","39,164","42,626","37,571","16,952","5,876","514","16","245,181","245,181","12,948","22,021","27,644","28,749","37,731","43,622","39,988","20,003","10,432","1,983","60"
"인천광역시 부평구 (2823700000)","241,947","241,947","14,076","19,953","29,781","37,811","36,725","41,467","38,516","16,774","6,223","606","15","250,246","250,246","13,360","18,762","28,959","34,735","35,368","44,478","41,303","20,011","11,085","2,118","67"
"인천광역시 계양구 (2824500000)","139,536","139,536","6,663","11,195","17,908","19,698","19,762","26,269","25,680","8,968","3,056","329","8","141,087","141,087","6,415","10,890","16,294","17,398","19,065","28,193","25,672","9,896","6,022","1,196","46"
"인천광역시 서구 (2826000000)","318,170","318,170","27,474","32,680","36,292","49,851","56,704","52,864","41,200","15,644","4,954","489","18","314,177","314,177","26,000","31,115","34,973","47,820","53,221","52,530","40,541","17,213","8,859","1,845","60"
"인천광역시 서구검단출장소 (2826500000)","0","0","0","0","0","0","0","0","0","0","0","0","0","0","0","0","0","0","0","0","0","0","0","0","0","0"
"인천광역시 강화군 (2871000000)","34,644","34,644","1,386","2,205","2,425","2,602","3,702","5,797","8,324","5,314","2,595","286","8","34,655","34,655","1,287","2,097","1,893","2,266","3,318","5,227","8,233","5,476","3,921","921","16"
"인천광역시 옹진군 (2872000000)","11,386","11,386","304","499","1,635","1,109","1,332","1,875","2,656","1,395","508","72","1","8,634","8,634","295","433","688","564","746","1,355","2,182","1,327","794","236","14"
"광주광역시  (2900000000)","695,854","695,854","47,655","75,059","95,396","90,170","109,993","120,272","91,091","45,654","18,768","1,771","25","713,770","713,770","45,677","70,545","87,459","83,695","110,340","122,804","99,028","57,320","30,986","5,756","160"
"광주광역시 동구 (2911000000)","52,308","52,308","3,643","3,852","7,287","7,364","7,494","7,917","7,418","4,658","2,405","267","3","54,105","54,105","3,420","3,651","7,118","6,922","6,737","7,937","8,343","6,002","3,388","572","15"
"광주광역시 서구 (2914000000)","136,580","136,580","8,241","14,320","19,745","17,451","20,633","24,303","18,348","9,337","3,820","380","2","142,759","142,759","7,790","12,933","18,889","16,058","21,533","25,703","20,643","11,810","6,185","1,179","36"
"광주광역시 남구 (2915500000)","99,124","99,124","6,882","11,193","11,776","11,458","15,965","15,757","13,753","8,355","3,644","330","11","108,197","108,197","6,651","11,331","11,303","11,362","16,575","16,937","16,578","10,780","5,609","1,039","32"
"광주광역시 북구 (2917000000)","209,881","209,881","14,121","20,856","28,177","28,174","32,255","35,723","29,363","14,849","5,821","538","4","214,654","214,654","13,584","19,166","25,312","26,006","31,278","36,845","32,630","18,346","9,654","1,786","47"
"광주광역시 광산구 (2920000000)","197,961","197,961","14,768","24,838","28,411","25,723","33,646","36,572","22,209","8,455","3,078","256","5","194,055","194,055","14,232","23,464","24,837","23,347","34,217","35,382","20,834","10,382","6,150","1,180","30"
"대전광역시  (3000000000)","717,664","717,664","47,304","69,875","101,459","101,175","107,012","121,602","99,804","48,445","19,032","1,919","37","722,023","722,023","44,577","65,794","92,903","89,368","107,029","122,289","105,999","56,822","31,266","5,803","173"
"대전광역시 동구 (3011000000)","110,023","110,023","6,101","9,599","15,048","13,378","15,839","19,041","17,179","9,462","3,999","366","11","108,572","108,572","5,671","9,029","13,416","11,307","14,567","17,450","18,032","11,397","6,583","1,089","31"
"대전광역시 중구 (3014000000)","110,206","110,206","6,118","10,041","13,240","13,016","15,897","19,741","17,235","10,028","4,422","457","11","114,481","114,481","5,841","9,635","12,998","12,016","15,732","19,166","18,395","12,484","6,963","1,216","35"
"대전광역시 서구 (3017000000)","224,767","224,767","14,830","23,333","33,125","32,643","34,006","37,135","29,665","14,139","5,342","541","8","233,720","233,720","14,027","22,000","32,672","30,061","35,831","39,598","32,793","16,511","8,529","1,658","40"
"대전광역시 유성구 (3020000000)","187,156","187,156","16,023","19,698","28,810","31,169","29,590","29,086","21,215","8,414","2,816","331","4","182,327","182,327","14,926","18,515","24,572","27,421","30,026","29,945","22,028","8,900","4,879","1,081","34"
"대전광역시 대덕구 (3023000000)","85,512","85,512","4,232","7,204","11,236","10,969","11,680","16,599","14,510","6,402","2,453","224","3","82,923","82,923","4,112","6,615","9,245","8,563","10,873","16,130","14,751","7,530","4,312","759","33"
"울산광역시  (3100000000)","564,865","564,865","37,703","56,751","67,353","74,595","89,746","101,859","88,114","37,209","10,702","824","9","533,447","533,447","35,805","52,499","50,208","61,713","84,038","101,319","86,544","39,546","18,524","3,177","74"
"울산광역시 중구 (3111000000)","104,742","104,742","6,537","9,942","11,677","13,331","15,757","18,862","17,672","8,218","2,567","177","2","102,265","102,265","6,075","9,044","8,926","11,301","14,931","19,309","18,404","9,341","4,275","650","9"
"울산광역시 남구 (3114000000)","155,633","155,633","9,581","14,539","20,859","22,341","22,851","28,530","23,858","10,044","2,815","214","1","149,138","149,138","9,073","13,241","15,970","18,277","22,510","29,542","24,334","10,909","4,588","680","14"
"울산광역시 동구 (3117000000)","78,761","78,761","5,226","8,476","8,562","10,081","14,396","12,657","12,165","5,803","1,316","77","2","72,194","72,194","5,063","7,810","6,460","7,932","12,207","11,741","12,904","5,656","2,082","326","13"
"울산광역시 북구 (3120000000)","112,282","112,282","9,785","12,961","13,317","16,007","19,973","19,169","14,875","4,745","1,337","112","1","104,313","104,313","9,355","12,200","9,197","13,689","18,954","19,654","13,200","5,048","2,528","470","18"
"울산광역시 울주군 (3171000000)","113,447","113,447","6,574","10,833","12,938","12,835","16,769","22,641","19,544","8,399","2,667","244","3","105,537","105,537","6,239","10,204","9,655","10,514","15,436","21,073","17,702","8,592","5,051","1,051","20"
"세종특별자치시  (3600000000)","194,407","194,407","21,084","26,515","18,981","29,019","38,002","29,689","19,255","8,435","3,078","345","4","196,196","196,196","20,409","25,929","18,258","29,846","39,283","27,220","19,366","9,216","5,335","1,297","37"
"세종특별자치시  (3611000000)","194,407","194,407","21,084","26,515","18,981","29,019","38,002","29,689","19,255","8,435","3,078","345","4","196,196","196,196","20,409","25,929","18,258","29,846","39,283","27,220","19,366","9,216","5,335","1,297","37"
"경기도  (4100000000)","6,880,565","6,880,565","482,736","674,362","855,710","995,385","1,132,737","1,187,244","949,610","418,091","167,065","17,190","435","6,810,080","6,810,080","460,397","644,529","776,598","908,407","1,087,920","1,170,293","953,633","481,605","273,114","52,073","1,511"
"북부출장소  (4110500000)","0","0","0","0","0","0","0","0","0","0","0","0","0","0","0","0","0","0","0","0","0","0","0","0","0","0"
"경기도 수원시 (4111000000)","599,977","599,977","39,983","57,370","89,120","98,721","96,119","100,079","75,594","30,253","11,527","1,185","26","593,500","593,500","37,666","54,119","81,893","87,385","93,615","102,339","76,697","36,137","19,882","3,647","120"
"경기도 수원시 장안구 (4111100000)","137,805","137,805","7,573","13,341","21,795","18,976","20,107","24,938","19,215","8,051","3,454","346","9","136,865","136,865","7,395","12,519","18,230","16,537","20,212","25,455","19,620","9,869","5,869","1,123","36"
"경기도 수원시 권선구 (4111300000)","183,295","183,295","12,016","16,294","24,853","30,725","30,009","30,488","25,194","9,904","3,447","360","5","179,564","179,564","11,097","15,462","23,261","26,379","27,675","31,663","25,491","11,475","5,939","1,096","26"
"경기도 수원시 팔달구 (4111500000)","97,827","97,827","5,728","6,937","14,822","17,426","14,349","16,342","13,358","6,222","2,398","241","4","96,720","96,720","5,347","6,530","14,596","14,741","13,180","15,989","13,944","7,548","4,145","672","28"
"경기도 수원시 영통구 (4111700000)","181,050","181,050","14,666","20,798","27,650","31,594","31,654","28,311","17,827","6,076","2,228","238","8","180,351","180,351","13,827","19,608","25,806","29,728","32,548","29,232","17,642","7,245","3,929","756","30"
"경기도 성남시 (4113000000)","451,817","451,817","29,102","41,703","57,365","69,247","71,480","76,258","63,103","30,113","12,138","1,274","34","461,964","461,964","27,997","40,111","54,983","65,298","72,511","77,143","66,135","35,504","18,471","3,717","94"
"경기도 성남시 수정구 (4113100000)","118,875","118,875","6,860","8,170","15,668","19,325","18,351","20,022","18,222","8,902","3,102","249","4","116,308","116,308","6,685","8,054","14,193","16,850","16,367","18,942","18,826","10,595","4,939","829","28"
"경기도 성남시 중원구 (4113300000)","104,572","104,572","5,644","7,369","13,286","17,080","15,797","17,770","16,694","7,919","2,802","202","9","102,767","102,767","5,556","6,910","12,481","14,466","14,279","17,236","17,309","9,232","4,539","732","27"
"경기도 성남시 분당구 (4113500000)","228,370","228,370","16,598","26,164","28,411","32,842","37,332","38,466","28,187","13,292","6,234","823","21","242,889","242,889","15,756","25,147","28,309","33,982","41,865","40,965","30,000","15,677","8,993","2,156","39"
"경기도 의정부시 (4115000000)","226,310","226,310","14,741","20,377","28,305","30,867","35,212","40,266","33,472","15,655","6,756","648","11","234,722","234,722","13,744","19,336","28,183","29,198","33,896","42,209","35,727","19,373","11,162","1,833","61"
"경기도 안양시 (4117000000)","273,587","273,587","17,937","25,070","34,485","42,648","41,392","46,031","40,808","18,176","6,347","683","10","281,054","281,054","17,410","23,549","32,195","39,970","41,468","49,271","43,803","20,210","10,894","2,233","51"
"경기도 안양시 만안구 (4117100000)","114,082","114,082","6,210","8,357","14,547","17,442","16,345","19,383","19,126","9,102","3,253","316","1","114,648","114,648","6,180","7,731","13,356","15,549","14,847","20,348","20,146","10,081","5,375","1,004","31"
"경기도 안양시 동안구 (4117300000)","159,505","159,505","11,727","16,713","19,938","25,206","25,047","26,648","21,682","9,074","3,094","367","9","166,406","166,406","11,230","15,818","18,839","24,421","26,621","28,923","23,657","10,129","5,519","1,229","20"
"경기도 부천시 (4119000000)","380,509","380,509","21,591","32,334","47,216","54,868","58,123","66,793","63,272","26,686","8,734","875","17","390,308","390,308","20,481","30,802","45,440","50,862","56,567","70,563","67,182","29,823","15,516","2,981","91"
"경기도 부천시 원미구 (4119200000)","191,772","191,772","10,999","16,576","24,573","28,774","29,278","33,228","31,245","12,655","4,015","421","8","198,704","198,704","10,556","15,863","24,538","27,418","29,242","35,576","33,077","13,833","7,061","1,488","52"
"경기도 부천시 소사구 (4119400000)","111,864","111,864","7,441","9,878","12,549","15,910","18,266","18,217","17,784","8,616","2,905","290","8","116,091","116,091","6,901","9,580","11,944","15,077","17,732","19,651","19,876","9,684","4,746","873","27"
"경기도 부천시 오정구 (4119600000)","76,873","76,873","3,151","5,880","10,094","10,184","10,579","15,348","14,243","5,415","1,814","164","1","75,513","75,513","3,024","5,359","8,958","8,367","9,593","15,336","14,229","6,306","3,709","620","12"
"경기도 광명시 (4121000000)","136,082","136,082","8,848","14,031","16,401","18,847","21,849","23,978","19,341","9,261","3,217","299","10","141,662","141,662","8,525","13,434","15,578","17,903","22,794","24,496","21,308","10,911","5,616","1,068","29"
"경기도 평택시 (4122000000)","313,799","313,799","23,970","28,940","42,127","53,652","54,262","52,706","36,648","14,672","6,176","626","20","283,935","283,935","23,305","27,900","33,027","41,335","45,978","47,100","34,808","17,656","10,847","1,921","58"
"경기도 송탄출장소 (4122200000)","0","0","0","0","0","0","0","0","0","0","0","0","0","0","0","0","0","0","0","0","0","0","0","0","0","0"
"경기도 안중출장소 (4122400000)","0","0","0","0","0","0","0","0","0","0","0","0","0","0","0","0","0","0","0","0","0","0","0","0","0","0"
"경기도 동두천시 (4125000000)","43,274","43,274","2,052","3,804","4,881","4,573","5,902","8,332","7,645","3,904","1,977","201","3","43,615","43,615","1,887","3,763","4,216","3,855","5,672","7,548","7,568","5,028","3,479","583","16"
"경기도 안산시 (4127000000)","318,324","318,324","16,577","27,722","47,085","45,678","46,834","61,925","49,593","16,275","5,999","613","23","303,226","303,226","15,936","26,241","41,545","37,219","42,903","61,857","45,389","18,530","11,271","2,255","80"
"경기도 안산시 상록구 (4127100000)","167,252","167,252","8,078","14,756","25,495","22,506","24,307","33,296","26,295","8,709","3,420","376","14","160,445","160,445","7,723","14,127","22,310","18,272","22,617","33,391","23,994","10,194","6,519","1,246","52"
"경기도 안산시 단원구 (4127300000)","151,072","151,072","8,499","12,966","21,590","23,172","22,527","28,629","23,298","7,566","2,579","237","9","142,781","142,781","8,213","12,114","19,235","18,947","20,286","28,466","21,395","8,336","4,752","1,009","28"
"경기도 고양시 (4128000000)","521,865","521,865","33,989","49,410","64,680","72,664","79,967","95,799","77,768","31,025","14,722","1,803","38","548,806","548,806","32,640","47,515","63,873","72,301","83,268","102,286","78,377","37,712","25,764","4,949","121"
"경기도 고양시 덕양구 (4128100000)","242,252","242,252","17,209","20,803","28,204","36,461","38,727","42,254","35,596","15,380","6,879","724","15","251,159","251,159","16,497","20,162","27,693","36,164","38,129","43,573","36,183","18,644","11,896","2,166","52"
"경기도 고양시 일산동구 (4128500000)","142,788","142,788","8,699","13,815","18,492","19,540","21,421","26,883","21,569","8,012","3,810","531","16","151,409","151,409","8,337","13,090","18,901","19,689","22,959","29,140","21,484","9,488","6,821","1,467","33"
"경기도 고양시 일산서구 (4128700000)","136,825","136,825","8,081","14,792","17,984","16,663","19,819","26,662","20,603","7,633","4,033","548","7","146,238","146,238","7,806","14,263","17,279","16,448","22,180","29,573","20,710","9,580","7,047","1,316","36"
"경기도 과천시 (4129000000)","41,779","41,779","4,548","4,171","4,798","6,442","6,562","6,343","5,518","2,301","954","138","4","43,748","43,748","4,360","4,067","4,638","6,839","6,792","6,938","5,671","2,555","1,515","364","9"
"경기도 구리시 (4131000000)","92,386","92,386","5,592","8,564","11,307","12,593","14,613","16,576","14,442","6,079","2,400","213","7","94,389","94,389","5,413","7,902","11,114","11,925","14,336","17,541","14,623","7,120","3,816","582","17"
"경기도 남양주시 (4136000000)","362,787","362,787","25,998","40,454","41,224","42,518","61,555","65,650","49,966","24,610","9,888","896","28","369,799","369,799","24,582","38,459","38,784","42,229","63,037","63,951","51,474","29,035","15,421","2,733","94"
"경기도 풍양출장소 (4136200000)","0","0","0","0","0","0","0","0","0","0","0","0","0","0","0","0","0","0","0","0","0","0","0","0","0","0"
"경기도 오산시 (4137000000)","125,848","125,848","9,464","13,447","15,861","21,260","24,698","20,367","13,175","5,370","2,037","166","3","115,447","115,447","9,015","12,847","13,253","16,945","21,145","18,565","13,257","6,322","3,507","577","14"
"경기도 시흥시 (4139000000)","270,288","270,288","21,074","26,279","33,263","40,656","49,256","48,551","35,191","11,625","3,986","398","9","248,298","248,298","20,375","25,299","28,044","34,934","42,349","44,565","31,097","12,678","7,465","1,448","44"
"경기도 군포시 (4141000000)","127,233","127,233","7,061","11,937","16,639","18,597","18,690","22,636","19,668","8,231","3,301","465","8","129,174","129,174","6,682","11,147","15,137","16,409","18,639","23,875","21,000","9,312","5,724","1,224","25"
"경기도 의왕시 (4143000000)","76,592","76,592","5,638","6,677","9,600","11,580","11,019","12,706","12,106","5,192","1,874","195","5","78,079","78,079","5,286","6,258","8,735","10,975","10,688","14,027","12,908","5,439","3,019","718","26"
"경기도 하남시 (4145000000)","163,724","163,724","14,813","16,435","17,195","25,061","30,868","24,960","20,405","10,535","3,197","246","9","165,617","165,617","13,934","16,104","17,563","25,560","29,705","24,062","21,942","11,023","4,673","1,016","35"
"경기도 용인시 (4146000000)","537,355","537,355","39,289","61,648","68,471","68,558","91,251","94,256","63,226","32,832","16,132","1,654","38","547,169","547,169","37,525","59,061","62,724","66,819","94,619","94,302","65,329","41,094","21,638","3,938","120"
"경기도 용인시 처인구 (4146100000)","139,728","139,728","9,017","13,237","17,969","18,918","22,829","24,553","20,178","9,185","3,477","360","5","133,044","133,044","8,657","12,510","14,825","16,113","20,805","23,233","19,618","10,362","5,763","1,128","30"
"경기도 용인시 기흥구 (4146300000)","215,015","215,015","15,469","25,235","28,510","26,487","36,081","38,722","24,229","12,824","6,695","743","20","221,460","221,460","14,456","24,187","26,262","25,735","38,442","39,465","25,749","16,632","8,829","1,642","61"
"경기도 용인시 수지구 (4146500000)","182,612","182,612","14,803","23,176","21,992","23,153","32,341","30,981","18,819","10,823","5,960","551","13","192,665","192,665","14,412","22,364","21,637","24,971","35,372","31,604","19,962","14,100","7,046","1,168","29"
"경기도 파주시 (4148000000)","257,695","257,695","20,203","26,990","29,895","37,139","43,992","44,227","32,817","14,829","6,869","715","19","252,445","252,445","19,236","26,352","25,429","34,529","41,446","41,444","32,436","17,825","11,590","2,109","49"
"경기도 이천시 (4150000000)","116,073","116,073","7,465","11,376","15,755","17,076","17,847","19,140","16,748","7,341","2,972","341","12","106,550","106,550","7,017","10,704","11,925","13,552","16,085","17,677","15,728","7,966","4,951","917","28"
"경기도 안성시 (4155000000)","100,033","100,033","5,685","9,044","12,193","12,703","15,712","17,765","15,691","7,736","3,141","358","5","93,579","93,579","5,284","8,449","9,991","10,137","13,543","15,887","15,199","8,426","5,471","1,164","28"
"경기도 김포시 (4157000000)","243,045","243,045","21,668","27,688","24,716","31,988","47,555","38,420","29,929","14,902","5,641","524","14","243,860","243,860","20,501","26,782","23,555","32,845","45,918","36,548","30,618","16,965","8,482","1,608","38"
"경기도 화성시 (4159000000)","501,915","501,915","47,273","57,518","59,711","84,840","97,481","77,314","50,046","19,959","7,050","709","14","464,916","464,916","45,032","55,550","51,233","75,095","87,952","67,557","46,557","21,739","11,737","2,398","66"
"경기도 화성시동부출장소 (4159200000)","0","0","0","0","0","0","0","0","0","0","0","0","0","0","0","0","0","0","0","0","0","0","0","0","0","0"
"경기도 화성시동탄출장소 (4159400000)","0","0","0","0","0","0","0","0","0","0","0","0","0","0","0","0","0","0","0","0","0","0","0","0","0","0"
"경기도 광주시 (4161000000)","202,724","202,724","14,869","18,284","21,494","27,759","35,998","35,699","29,897","13,579","4,735","394","16","195,032","195,032","14,167","17,549","19,115","25,147","32,471","33,939","29,931","14,499","6,892","1,276","46"
"경기도 양주시 (4163000000)","145,123","145,123","11,689","14,251","16,493","20,077","23,892","24,908","19,975","9,563","3,891","370","14","143,150","143,150","11,419","13,903","14,799","18,887","22,512","23,808","19,630","10,797","6,177","1,183","35"
"경기도 포천시 (4165000000)","74,848","74,848","3,209","5,267","8,488","7,772","8,886","14,805","16,410","6,910","2,791","294","16","66,724","66,724","2,903","4,831","6,547","5,867","7,512","12,466","13,636","7,007","4,958","969","28"
"경기도 여주시 (4167000000)","58,412","58,412","2,988","4,774","5,847","6,088","7,787","10,608","11,484","6,088","2,468","274","6","56,339","56,339","2,835","4,354","4,942","5,240","7,409","9,694","10,940","6,160","3,911","824","30"
"경기도 연천군 (4180000000)","21,361","21,361","991","1,408","2,640","2,291","2,221","3,432","4,584","2,464","1,187","137","6","19,443","19,443","926","1,306","1,542","1,571","1,855","2,929","4,193","2,672","2,092","346","11"
"경기도 가평군 (4182000000)","32,182","32,182","1,354","2,153","3,157","3,035","3,758","5,748","7,216","3,902","1,682","171","6","30,323","30,323","1,302","2,067","2,369","2,471","3,337","5,049","6,702","4,026","2,518","464","18"
"경기도 양평군 (4183000000)","63,618","63,618","3,075","5,236","5,298","5,587","7,956","10,966","13,872","8,023","3,276","325","4","63,207","63,207","3,012","4,768","4,226","5,105","7,898","10,657","13,768","8,061","4,655","1,028","29"
"강원특별자치도  (5100000000)","763,577","763,577","43,916","65,633","87,783","84,895","102,443","134,563","140,014","69,578","31,663","2,991","98","755,123","755,123","42,163","61,161","69,064","73,479","99,040","126,547","139,005","79,184","54,663","10,499","318"
"동해출장소  (5110500000)","0","0","0","0","0","0","0","0","0","0","0","0","0","0","0","0","0","0","0","0","0","0","0","0","0","0"
"강원특별자치도 춘천시 (5111000000)","141,263","141,263","9,178","13,426","19,703","17,969","19,433","23,334","21,954","10,472","5,214","556","24","144,847","144,847","8,845","12,521","17,039","16,450","20,112","23,239","23,261","12,549","9,068","1,725","38"
"강원특별자치도 원주시 (5113000000)","179,295","179,295","12,553","17,557","21,620","23,884","26,917","31,129","27,887","11,907","5,301","528","12","182,918","182,918","12,091","16,784","19,070","22,367","27,540","31,788","28,409","13,666","9,295","1,864","44"
"강원특별자치도 강릉시 (5115000000)","102,911","102,911","5,583","8,842","11,814","10,876","14,326","18,638","18,135","9,818","4,441","431","7","104,826","104,826","5,221","7,986","9,697","9,397","14,089","17,920","19,428","11,932","7,595","1,508","53"
"강원특별자치도 동해시 (5117000000)","44,528","44,528","2,566","4,188","4,730","4,535","6,518","8,444","7,499","4,094","1,805","146","3","43,188","43,188","2,487","3,885","3,344","3,636","6,130","7,575","7,849","4,791","2,970","505","16"
"강원특별자치도 태백시 (5119000000)","19,197","19,197","884","1,716","1,635","1,518","2,755","3,682","3,833","2,221","899","52","2","18,800","18,800","796","1,587","1,147","1,236","2,493","3,110","3,747","2,820","1,626","231","7"
"강원특별자치도 속초시 (5121000000)","39,986","39,986","2,406","3,347","4,213","4,850","5,639","7,309","7,240","3,445","1,385","146","6","41,039","41,039","2,313","3,288","3,301","3,996","5,586","7,523","7,755","4,289","2,471","509","8"
"강원특별자치도 삼척시 (5123000000)","31,542","31,542","1,522","2,453","3,684","2,624","3,909","5,951","6,208","3,506","1,513","170","2","30,410","30,410","1,468","2,231","2,716","2,240","3,457","4,755","6,036","3,902","2,965","621","19"
"강원특별자치도 홍천군 (5172000000)","34,469","34,469","1,550","2,221","3,172","3,113","3,718","5,894","8,503","4,276","1,842","173","7","32,341","32,341","1,477","2,171","2,143","2,422","3,297","5,210","7,752","4,105","3,064","675","25"
"강원특별자치도 횡성군 (5173000000)","23,721","23,721","903","1,760","1,719","1,587","2,424","4,174","6,265","3,316","1,448","123","2","22,439","22,439","842","1,565","1,299","1,350","2,001","3,733","5,693","3,132","2,303","509","12"
"강원특별자치도 영월군 (5175000000)","19,037","19,037","678","1,410","1,468","1,265","2,052","3,626","4,775","2,544","1,114","101","4","17,783","17,783","629","1,095","1,132","1,039","1,798","3,017","4,124","2,624","1,947","372","6"
"강원특별자치도 평창군 (5176000000)","20,954","20,954","638","1,371","1,758","1,484","2,327","4,020","5,341","2,730","1,196","84","5","19,433","19,433","696","1,194","1,132","1,180","1,960","3,447","4,784","2,796","1,894","336","14"
"강원특별자치도 정선군 (5177000000)","17,511","17,511","595","1,097","1,254","1,246","2,172","3,576","4,370","2,165","952","76","8","16,072","16,072","587","1,071","892","946","1,729","2,678","3,765","2,454","1,655","276","19"
"강원특별자치도 철원군 (5178000000)","20,955","20,955","1,213","1,667","2,603","2,403","2,421","3,500","3,961","2,065","1,028","93","1","19,585","19,585","1,211","1,511","1,535","1,765","2,195","3,050","3,724","2,442","1,858","281","13"
"강원특별자치도 화천군 (5179000000)","12,307","12,307","689","823","1,908","1,510","1,251","1,889","2,430","1,108","631","62","6","10,668","10,668","683","809","943","1,025","1,060","1,663","2,034","1,216","1,051","177","7"
"강원특별자치도 양구군 (5180000000)","10,781","10,781","666","940","1,380","1,281","1,220","1,662","2,120","957","508","47","0","9,850","9,850","671","882","823","946","1,122","1,450","1,877","1,045","870","162","2"
"강원특별자치도 인제군 (5181000000)","17,180","17,180","1,134","1,100","2,478","2,276","2,058","2,623","3,310","1,468","675","54","4","14,352","14,352","1,027","1,072","1,175","1,556","1,735","2,103","2,896","1,436","1,121","220","11"
"강원특별자치도 고성군 (5182000000)","13,853","13,853","621","834","1,433","1,350","1,535","2,522","3,040","1,643","800","73","2","13,174","13,174","587","746","900","1,026","1,279","2,077","2,875","1,945","1,470","259","10"
"강원특별자치도 양양군 (5183000000)","14,087","14,087","537","881","1,211","1,124","1,768","2,590","3,143","1,843","911","76","3","13,398","13,398","532","763","776","902","1,457","2,209","2,996","2,040","1,440","269","14"
"충청북도  (4300000000)","809,697","809,697","50,387","73,760","96,340","103,826","117,327","140,891","133,207","63,980","27,278","2,655","46","781,403","781,403","47,657","69,399","78,138","85,059","108,548","132,892","129,685","71,251","49,020","9,520","234"
"충청북도 청주시 (4311000000)","431,609","431,609","31,118","43,284","58,132","65,066","67,720","71,437","58,088","25,701","10,092","957","14","422,761","422,761","29,707","41,021","49,443","54,782","64,734","71,720","59,614","29,739","18,393","3,533","75"
"충청북도 청주시 상당구 (4311100000)","98,346","98,346","7,160","10,200","11,682","12,711","14,990","17,097","14,763","6,762","2,725","251","5","99,807","99,807","7,078","9,642","10,027","11,862","14,862","17,598","14,979","7,778","5,019","943","19"
"충청북도 청주시 서원구 (4311200000)","90,636","90,636","4,907","8,896","13,390","11,239","12,674","16,277","13,896","6,455","2,645","255","2","91,396","91,396","4,616","8,418","11,451","9,352","12,835","16,853","14,706","7,725","4,573","850","17"
"충청북도 청주시 흥덕구 (4311300000)","145,189","145,189","11,661","14,004","20,319","25,736","23,348","22,990","17,400","7,022","2,474","231","4","139,789","139,789","11,110","13,219","17,534","21,535","22,056","23,136","17,781","7,911","4,570","917","20"
"충청북도 청주시 청원구 (4311400000)","97,438","97,438","7,390","10,184","12,741","15,380","16,708","15,073","12,029","5,462","2,248","220","3","91,769","91,769","6,903","9,742","10,431","12,033","14,981","14,133","12,148","6,325","4,231","823","19"
"충청북도 충주시 (4313000000)","105,197","105,197","5,914","9,044","12,111","12,592","14,537","18,807","18,712","8,879","4,186","407","8","102,127","102,127","5,631","8,567","9,043","9,780","13,682","17,958","18,370","10,315","7,319","1,425","37"
"충청북도 제천시 (4315000000)","64,813","64,813","3,439","5,500","7,451","6,270","8,080","11,782","12,543","6,640","2,864","240","4","63,912","63,912","3,108","5,280","6,019","5,082","7,663","11,138","12,554","7,363","4,828","844","33"
"충청북도 보은군 (4372000000)","15,521","15,521","542","977","1,060","981","1,491","2,832","4,090","2,274","1,129","142","3","15,046","15,046","492","829","763","782","1,212","2,270","3,632","2,390","2,164","509","3"
"충청북도 옥천군 (4373000000)","24,427","24,427","928","1,858","2,054","1,656","2,790","4,444","5,682","3,399","1,435","177","4","23,867","23,867","826","1,691","1,548","1,440","2,538","3,926","5,175","3,453","2,683","569","18"
"충청북도 영동군 (4374000000)","21,948","21,948","761","1,460","1,738","1,427","2,235","4,201","5,361","3,080","1,533","151","1","21,649","21,649","692","1,361","1,356","1,134","1,940","3,495","4,962","3,421","2,796","475","17"
"충청북도 증평군 (4374500000)","19,378","19,378","1,266","1,789","2,281","2,560","2,898","3,375","3,034","1,509","616","49","1","17,837","17,837","1,177","1,605","1,658","1,990","2,427","3,005","2,969","1,664","1,138","201","3"
"충청북도 진천군 (4375000000)","45,706","45,706","3,324","4,331","4,741","6,153","7,729","8,117","6,815","3,027","1,327","141","1","40,828","40,828","3,046","4,100","3,356","4,815","6,515","6,544","6,117","3,284","2,513","529","9"
"충청북도 괴산군 (4376000000)","18,656","18,656","533","874","1,200","1,090","1,760","3,534","5,320","2,939","1,277","129","0","17,416","17,416","491","856","842","826","1,372","2,847","4,491","2,893","2,304","484","10"
"충청북도 음성군 (4377000000)","48,447","48,447","2,139","3,755","4,578","5,105","6,701","9,701","9,788","4,532","1,951","189","8","42,530","42,530","2,052","3,333","3,427","3,677","5,292","7,685","8,397","4,606","3,350","690","21"
"충청북도 단양군 (4380000000)","13,995","13,995","423","888","994","926","1,386","2,661","3,774","2,000","868","73","2","13,430","13,430","435","756","683","751","1,173","2,304","3,404","2,123","1,532","261","8"
"충청남도  (4400000000)","1,096,190","1,096,190","69,769","104,253","122,494","137,836","169,834","187,899","170,331","88,817","39,943","4,940","74","1,040,442","1,040,442","66,229","97,530","98,232","114,283","149,563","165,506","163,437","98,450","71,406","15,394","412"
"충청남도 천안시 (4413000000)","338,574","338,574","24,130","34,744","46,931","52,712","57,708","56,412","41,980","16,844","6,407","694","12","321,226","321,226","22,791","32,717","40,977","44,659","52,656","53,840","40,688","18,983","11,542","2,314","59"
"충청남도 천안시 동남구 (4413100000)","132,452","132,452","7,961","13,056","17,594","17,536","20,782","23,365","19,689","8,695","3,399","368","7","128,624","128,624","7,607","12,228","15,655","14,781","19,599","22,392","19,534","9,627","5,953","1,215","33"
"충청남도 천안시 서북구 (4413300000)","206,122","206,122","16,169","21,688","29,337","35,176","36,926","33,047","22,291","8,149","3,008","326","5","192,602","192,602","15,184","20,489","25,322","29,878","33,057","31,448","21,154","9,356","5,589","1,099","26"
"충청남도 공주시 (4415000000)","50,633","50,633","2,108","4,129","5,463","4,561","6,039","8,738","10,528","5,951","2,718","392","6","50,808","50,808","1,966","3,798","5,172","3,728","5,451","8,086","10,288","6,302","4,884","1,105","28"
"충청남도 보령시 (4418000000)","47,565","47,565","2,221","3,771","4,253","4,293","6,402","8,731","9,505","5,544","2,555","282","8","46,349","46,349","2,129","3,566","3,179","3,392","5,395","7,476","9,306","6,482","4,463","931","30"
"충청남도 아산시 (4420000000)","184,831","184,831","15,520","20,041","21,708","27,982","34,274","29,713","21,311","9,684","4,165","423","10","169,676","169,676","14,636","19,055","17,125","24,177","29,383","25,214","20,087","11,324","7,174","1,473","28"
"충청남도 서산시 (4421000000)","91,423","91,423","5,952","8,769","10,162","11,542","13,971","16,132","13,669","7,414","3,392","417","3","83,233","83,233","5,710","8,112","6,501","8,517","12,281","13,896","13,110","7,811","5,816","1,433","46"
"충청남도 논산시 (4423000000)","54,416","54,416","2,665","4,485","4,996","4,959","6,746","9,785","11,097","6,331","2,960","388","4","54,242","54,242","2,506","4,123","3,978","4,203","6,060","8,631","10,673","7,189","5,604","1,246","29"
"충청남도 계룡시 (4425000000)","23,235","23,235","1,798","3,239","2,681","2,807","3,978","4,077","2,840","1,331","428","53","3","23,389","23,389","1,756","2,953","2,082","2,595","4,266","4,186","3,098","1,419","834","197","3"
"충청남도 당진시 (4427000000)","92,057","92,057","6,342","8,699","8,657","11,871","15,657","16,344","13,831","6,984","3,256","413","3","79,768","79,768","6,062","8,039","5,937","8,656","12,282","12,418","12,200","7,387","5,648","1,107","32"
"충청남도 금산군 (4471000000)","25,149","25,149","851","2,140","1,882","1,625","2,772","4,794","5,817","3,489","1,574","204","1","24,473","24,473","871","1,926","1,373","1,446","2,429","3,879","5,242","3,730","2,993","566","18"
"충청남도 부여군 (4476000000)","29,705","29,705","999","2,100","2,256","1,919","3,168","5,075","6,968","4,528","2,337","351","4","29,933","29,933","915","1,830","1,675","1,605","2,588","4,333","6,801","4,990","4,206","959","31"
"충청남도 서천군 (4477000000)","23,946","23,946","810","1,523","1,734","1,585","2,548","4,170","5,591","3,774","1,945","263","3","24,343","24,343","790","1,442","1,267","1,246","2,096","3,492","5,220","4,331","3,577","859","23"
"충청남도 청양군 (4479000000)","15,183","15,183","444","990","1,410","944","1,508","2,678","3,591","2,261","1,177","176","4","14,463","14,463","431","885","943","781","1,120","1,999","3,339","2,289","2,206","464","6"
"충청남도 홍성군 (4480000000)","49,483","49,483","3,124","4,788","4,769","5,233","6,740","8,560","8,491","5,033","2,421","320","4","49,650","49,650","2,968","4,542","3,896","4,599","6,578","7,419","8,459","5,639","4,556","959","35"
"충청남도 예산군 (4481000000)","39,491","39,491","1,719","2,828","3,199","3,503","4,654","7,116","8,360","5,131","2,642","335","4","39,164","39,164","1,642","2,618","2,459","2,953","4,029","5,966","8,156","5,782","4,525","1,003","31"
"충청남도 태안군 (4482500000)","30,499","30,499","1,086","2,007","2,393","2,300","3,669","5,574","6,752","4,518","1,966","229","5","29,725","29,725","1,056","1,924","1,668","1,726","2,949","4,671","6,770","4,792","3,378","778","13"
"전북특별자치도  (5200000000)","866,399","866,399","48,760","83,596","98,842","90,241","120,425","156,947","144,340","82,608","36,494","4,091","55","873,352","873,352","46,800","77,931","83,171","82,314","115,140","145,320","143,823","96,229","67,971","14,246","407"
"전북특별자치도 전주시 (5211000000)","312,544","312,544","20,785","34,654","42,712","39,295","47,236","53,942","41,655","22,119","9,179","956","11","324,177","324,177","19,921","32,509","38,913","36,802","48,953","55,877","45,988","27,214","15,041","2,883","76"
"전북특별자치도 전주시 완산구 (5211100000)","156,431","156,431","9,183","16,607","21,778","18,977","22,244","27,732","22,422","12,168","4,778","537","5","166,102","166,102","8,707","15,362","20,302","17,843","23,707","30,100","25,399","14,889","8,103","1,643","47"
"전북특별자치도 전주시 덕진구 (5211300000)","156,113","156,113","11,602","18,047","20,934","20,318","24,992","26,210","19,233","9,951","4,401","419","6","158,075","158,075","11,214","17,147","18,611","18,959","25,246","25,777","20,589","12,325","6,938","1,240","29"
"전북특별자치도 군산시 (5213000000)","130,948","130,948","7,696","13,108","14,245","13,854","20,535","24,087","20,767","11,796","4,418","436","6","127,227","127,227","7,530","12,260","11,223","12,201","18,845","21,543","20,871","13,403","7,748","1,552","51"
"전북특별자치도 익산시 (5214000000)","133,418","133,418","6,975","12,802","16,608","13,871","18,182","24,416","22,774","12,274","4,954","558","4","134,640","134,640","6,844","12,117","13,747","12,436","17,356","23,742","22,889","14,251","9,223","1,986","49"
"전북특별자치도 정읍시 (5218000000)","50,964","50,964","2,409","4,363","4,943","4,126","6,355","9,782","9,807","5,820","2,986","367","6","51,127","51,127","2,207","3,981","3,755","3,592","5,823","8,379","9,151","7,005","5,870","1,328","36"
"전북특별자치도 남원시 (5219000000)","37,081","37,081","1,846","3,275","3,343","2,860","4,263","7,249","7,189","4,602","2,182","264","8","38,458","38,458","1,690","3,006","2,592","2,667","4,307","6,402","6,939","5,310","4,498","1,019","28"
"전북특별자치도 김제시 (5221000000)","40,287","40,287","1,768","2,923","3,642","3,376","4,820","7,399","8,306","5,174","2,530","340","9","40,220","40,220","1,707","2,687","2,819","2,989","3,920","5,787","7,803","6,036","5,171","1,270","31"
"전북특별자치도 완주군 (5271000000)","50,888","50,888","3,087","4,451","5,031","5,731","7,132","9,201","8,988","4,980","2,056","229","2","48,217","48,217","2,991","4,167","4,011","5,265","6,320","7,516","8,052","5,110","3,905","856","24"
"전북특별자치도 진안군 (5272000000)","12,375","12,375","432","767","900","662","1,181","2,388","3,096","1,905","936","107","1","11,834","11,834","410","732","673","688","923","1,811","2,527","1,939","1,719","397","15"
"전북특별자치도 무주군 (5273000000)","11,585","11,585","395","866","863","772","1,261","2,269","2,670","1,538","852","97","2","11,481","11,481","385","812","669","640","1,073","1,759","2,329","1,810","1,662","332","10"
"전북특별자치도 장수군 (5274000000)","10,391","10,391","392","773","719","641","1,148","1,975","2,334","1,571","727","110","1","10,308","10,308","356","742","542","557","897","1,541","2,119","1,650","1,599","296","9"
"전북특별자치도 임실군 (5275000000)","13,210","13,210","538","738","942","875","1,350","2,422","3,160","1,981","1,064","139","1","12,394","12,394","493","660","660","736","913","1,766","2,465","2,125","2,122","442","12"
"전북특별자치도 순창군 (5277000000)","13,168","13,168","539","1,057","1,105","803","1,456","2,493","2,912","1,740","948","114","1","13,588","13,588","527","980","869","805","1,280","1,989","2,537","2,105","2,088","391","17"
"전북특별자치도 고창군 (5279000000)","25,499","25,499","968","2,143","1,877","1,696","2,810","4,759","5,428","3,652","1,961","203","2","25,571","25,571","903","1,705","1,349","1,517","2,246","3,654","5,136","4,237","3,967","820","37"
"전북특별자치도 부안군 (5280000000)","24,041","24,041","930","1,676","1,912","1,679","2,696","4,565","5,254","3,456","1,701","171","1","24,110","24,110","836","1,573","1,349","1,419","2,284","3,554","5,017","4,034","3,358","674","12"
"전라남도  (4600000000)","902,758","902,758","51,904","80,249","95,114","89,446","123,498","166,590","160,350","90,494","40,936","4,101","76","886,852","886,852","49,835","76,111","74,807","79,551","109,961","142,190","150,811","104,139","82,564","16,406","477"
"전라남도 목포시 (4611000000)","104,514","104,514","6,200","11,566","12,711","10,645","17,107","19,141","15,151","8,487","3,223","279","4","105,747","105,747","5,828","11,053","10,574","9,970","16,149","18,014","16,881","10,538","5,736","974","30"
"전라남도 여수시 (4613000000)","136,456","136,456","8,099","12,285","16,148","15,061","19,503","24,791","22,575","12,880","4,718","389","7","131,664","131,664","7,804","11,797","12,286","12,587","17,674","22,313","22,700","14,482","8,421","1,546","54"
"전라남도 순천시 (4615000000)","137,894","137,894","9,811","14,458","17,472","16,706","19,568","24,450","21,047","9,918","4,030","429","5","138,232","138,232","9,287","13,623","14,462","15,320","19,910","24,431","20,708","11,137","7,670","1,641","43"
"전라남도 나주시 (4617000000)","58,912","58,912","4,439","5,270","5,635","7,234","8,928","9,708","9,646","5,302","2,480","259","11","57,792","57,792","4,274","4,962","5,037","6,944","7,752","7,829","8,808","6,139","5,018","1,003","26"
"전라남도 광양시 (4623000000)","81,044","81,044","5,715","8,014","10,034","10,667","12,023","16,138","11,831","4,776","1,688","157","1","73,548","73,548","5,525","7,698","7,253","8,661","10,704","14,234","10,322","4,942","3,404","777","28"
"전라남도 담양군 (4671000000)","22,528","22,528","890","1,507","2,001","1,660","2,467","4,316","5,129","2,974","1,430","149","5","22,127","22,127","896","1,409","1,472","1,580","2,042","3,538","4,432","3,242","2,953","544","19"
"전라남도 곡성군 (4672000000)","13,200","13,200","378","845","1,011","838","1,324","2,546","3,163","1,902","1,036","155","2","13,390","13,390","380","720","824","751","1,120","2,008","2,670","2,115","2,250","537","15"
"전라남도 구례군 (4673000000)","11,750","11,750","383","804","884","634","1,189","2,387","2,783","1,689","901","95","1","12,297","12,297","394","765","654","651","1,074","1,927","2,516","1,972","1,960","377","7"
"전라남도 고흥군 (4677000000)","29,606","29,606","956","1,721","1,921","1,680","2,880","5,450","6,996","5,019","2,643","334","6","30,667","30,667","992","1,549","1,346","1,430","2,266","3,958","6,463","5,951","5,394","1,266","52"
"전라남도 보성군 (4678000000)","18,216","18,216","620","1,129","1,263","1,101","1,800","3,444","4,236","2,864","1,569","186","4","18,854","18,854","570","1,092","930","884","1,462","2,540","3,854","3,356","3,373","770","23"
"전라남도 화순군 (4679000000)","30,137","30,137","1,331","2,533","3,120","2,357","3,438","5,980","6,233","3,271","1,687","185","2","30,695","30,695","1,255","2,312","2,810","2,230","3,292","5,205","5,337","3,885","3,670","683","16"
"전라남도 장흥군 (4680000000)","16,870","16,870","678","1,212","1,346","1,206","1,877","3,194","3,619","2,325","1,277","133","3","17,597","17,597","697","1,099","1,054","1,022","1,503","2,543","3,504","2,813","2,716","635","11"
"전라남도 강진군 (4681000000)","15,758","15,758","685","1,130","1,279","1,113","1,642","2,863","3,499","2,217","1,214","115","1","16,439","16,439","694","1,045","955","1,006","1,439","2,281","3,309","2,659","2,503","538","10"
"전라남도 해남군 (4682000000)","31,700","31,700","1,381","2,289","2,561","2,188","3,600","6,026","6,940","4,353","2,171","189","2","31,580","31,580","1,304","2,268","1,861","1,779","3,016","4,573","6,348","5,138","4,413","857","23"
"전라남도 영암군 (4683000000)","26,972","26,972","1,211","2,016","2,695","2,069","3,922","5,507","5,240","2,801","1,351","156","4","24,484","24,484","1,147","1,909","1,811","1,778","2,717","3,905","4,410","3,255","2,948","592","12"
"전라남도 무안군 (4684000000)","46,462","46,462","3,727","5,245","5,015","5,342","7,510","7,629","6,542","3,799","1,513","139","1","46,025","46,025","3,458","5,160","4,232","5,365","7,121","6,396","6,139","4,266","3,261","608","19"
"전라남도 함평군 (4686000000)","15,256","15,256","473","943","1,162","976","1,608","3,031","3,598","2,169","1,168","127","1","14,762","14,762","449","838","829","794","1,174","2,049","2,992","2,543","2,568","509","17"
"전라남도 영광군 (4687000000)","26,014","26,014","1,645","1,994","2,464","2,362","3,219","4,753","4,922","3,024","1,496","132","3","25,985","25,985","1,683","1,865","1,926","2,286","2,666","3,671","4,467","3,734","3,170","493","24"
"전라남도 장성군 (4688000000)","21,586","21,586","930","1,526","2,028","1,682","2,521","4,144","4,602","2,655","1,345","149","4","20,501","20,501","914","1,439","1,372","1,478","2,093","3,144","3,847","2,933","2,773","496","12"
"전라남도 완도군 (4689000000)","23,102","23,102","1,146","1,717","1,744","1,589","3,064","4,217","4,673","3,156","1,644","149","3","22,600","22,600","1,055","1,540","1,265","1,317","2,245","3,078","4,543","3,670","3,270","603","14"
"전라남도 진도군 (4690000000)","14,198","14,198","562","1,010","1,186","964","1,738","2,728","3,025","1,922","986","75","2","14,347","14,347","641","962","907","879","1,231","2,016","2,793","2,280","2,208","422","8"
"전라남도 신안군 (4691000000)","20,583","20,583","644","1,035","1,434","1,372","2,570","4,147","4,900","2,991","1,366","120","4","17,519","17,519","588","1,006","947","839","1,311","2,537","3,768","3,089","2,885","535","14"
"경상북도  (4700000000)","1,281,907","1,281,907","72,530","112,821","136,344","140,288","179,790","228,995","230,805","123,622","51,398","5,251","63","1,252,072","1,252,072","68,605","102,868","101,055","115,806","165,482","212,864","225,769","140,134","99,661","19,334","494"
"경상북도 포항시 (4711000000)","249,796","249,796","15,807","23,895","28,017","29,842","36,954","43,324","42,192","22,239","6,952","567","7","241,877","241,877","14,651","21,883","19,834","24,255","35,281","42,998","44,689","23,694","12,358","2,183","51"
"경상북도 포항시 남구 (4711100000)","115,187","115,187","6,605","10,729","13,507","13,320","17,284","20,544","19,327","10,417","3,229","224","1","106,495","106,495","6,177","9,764","8,653","10,203","15,546","18,717","19,999","11,049","5,448","917","22"
"경상북도 포항시 북구 (4711300000)","134,609","134,609","9,202","13,166","14,510","16,522","19,670","22,780","22,865","11,822","3,723","343","6","135,382","135,382","8,474","12,119","11,181","14,052","19,735","24,281","24,690","12,645","6,910","1,266","29"
"경상북도 경주시 (4713000000)","122,819","122,819","6,379","9,919","12,194","12,514","16,497","23,567","23,538","12,672","5,030","501","8","122,308","122,308","6,052","9,201","9,358","10,429","15,031","22,275","23,273","14,756","9,992","1,894","47"
"경상북도 김천시 (4715000000)","68,142","68,142","4,127","6,502","6,543","7,200","9,299","11,766","12,496","6,901","2,965","337","6","67,419","67,419","3,821","5,506","5,104","6,147","8,458","11,022","12,194","7,957","5,959","1,223","28"
"경상북도 안동시 (4717000000)","76,045","76,045","4,099","6,899","8,547","7,494","9,856","13,246","13,684","8,036","3,794","384","6","77,399","77,399","3,810","6,199","7,169","6,414","9,651","12,180","13,836","9,538","7,158","1,412","32"
"경상북도 구미시 (4719000000)","209,048","209,048","15,504","22,795","27,518","31,705","36,097","35,906","26,785","9,306","3,111","318","3","195,752","195,752","14,848","20,977","19,491","26,710","34,565","35,877","24,985","10,599","6,441","1,221","38"
"경상북도 영주시 (4721000000)","49,202","49,202","2,321","4,675","4,906","4,130","5,954","8,856","9,399","5,855","2,800","303","3","49,826","49,826","2,186","4,016","3,711","3,305","5,751","8,137","9,733","6,957","5,015","986","29"
"경상북도 영천시 (4723000000)","50,397","50,397","2,363","3,221","4,572","4,507","6,115","9,346","10,870","6,458","2,682","262","1","48,095","48,095","2,295","2,919","3,025","3,731","4,876","7,928","10,065","7,093","5,231","916","16"
"경상북도 상주시 (4725000000)","45,398","45,398","2,032","3,744","3,673","3,384","5,141","8,057","10,138","6,017","2,881","330","1","46,612","46,612","1,891","3,313","2,682","2,866","4,598","7,079","9,736","7,024","6,049","1,332","42"
"경상북도 문경시 (4728000000)","33,088","33,088","1,509","2,727","2,800","2,529","3,886","5,807","7,247","4,338","2,044","198","3","34,252","34,252","1,433","2,299","2,182","2,133","3,563","5,211","7,171","5,240","4,146","845","29"
"경상북도 경산시 (4729000000)","134,058","134,058","7,946","11,598","19,308","17,031","19,622","23,375","20,372","10,321","4,121","363","1","132,644","132,644","7,673","11,170","15,941","13,930","18,485","23,484","20,922","12,351","7,424","1,233","31"
"경상북도 의성군 (4773000000)","24,277","24,277","754","1,132","1,250","1,560","2,276","4,231","6,384","4,224","2,214","251","1","24,503","24,503","697","942","934","1,164","1,625","3,179","5,956","4,787","4,349","849","21"
"경상북도 청송군 (4775000000)","11,917","11,917","415","517","757","881","1,087","2,176","3,057","1,951","975","100","1","11,820","11,820","361","512","512","555","868","1,756","2,925","2,121","1,869","336","5"
"경상북도 영양군 (4776000000)","7,644","7,644","237","445","445","478","761","1,515","1,917","1,156","634","55","1","7,691","7,691","220","418","340","377","571","1,077","1,804","1,327","1,303","244","10"
"경상북도 영덕군 (4777000000)","15,911","15,911","546","937","1,017","1,035","1,607","3,071","3,765","2,464","1,330","137","2","17,332","17,332","541","866","728","864","1,462","2,423","3,786","3,151","2,963","535","13"
"경상북도 청도군 (4782000000)","20,202","20,202","570","1,023","1,148","1,206","2,057","3,546","5,426","3,505","1,537","184","0","20,415","20,415","543","1,005","836","974","1,660","3,025","4,935","3,778","2,956","684","19"
"경상북도 고령군 (4783000000)","15,546","15,546","501","936","1,117","1,057","1,736","3,129","3,806","2,185","970","106","3","14,579","14,579","472","796","788","854","1,384","2,364","3,328","2,327","1,894","363","9"
"경상북도 성주군 (4784000000)","21,672","21,672","713","1,084","1,363","1,685","2,331","4,108","5,756","3,219","1,272","139","2","19,799","19,799","700","1,005","903","1,244","1,630","3,190","4,862","3,358","2,374","525","8"
"경상북도 칠곡군 (4785000000)","56,496","56,496","3,046","5,570","5,591","6,000","9,968","11,446","9,057","4,024","1,589","201","4","51,103","51,103","2,913","5,050","3,732","4,888","8,573","9,734","7,785","4,415","3,352","638","23"
"경상북도 예천군 (4790000000)","26,947","26,947","1,895","2,414","1,949","2,564","3,556","4,163","5,110","3,286","1,796","209","5","27,704","27,704","1,930","2,232","1,505","2,417","3,425","3,469","4,912","3,642","3,420","740","12"
"경상북도 봉화군 (4792000000)","14,766","14,766","469","848","862","822","1,451","2,708","3,955","2,290","1,202","156","3","14,168","14,168","390","836","549","602","1,082","2,123","3,461","2,408","2,253","452","12"
"경상북도 울진군 (4793000000)","23,394","23,394","1,143","1,714","2,276","2,145","2,805","4,520","4,751","2,626","1,283","129","2","22,772","22,772","1,040","1,504","1,473","1,654","2,511","3,588","4,500","3,016","2,824","643","19"
"경상북도 울릉군 (4794000000)","5,142","5,142","154","226","491","519","734","1,132","1,100","549","216","21","0","4,002","4,002","138","219","258","293","432","745","911","595","331","80","0"
"경상남도  (4800000000)","1,627,652","1,627,652","100,922","162,809","173,330","184,189","252,604","298,950","269,819","132,089","48,400","4,476","64","1,602,419","1,602,419","95,216","151,436","133,796","161,735","238,994","285,885","269,327","150,932","96,065","18,656","377"
"경상남도 창원시 (4812000000)","506,420","506,420","31,989","49,575","59,583","64,594","80,001","89,807","80,990","37,255","11,697","920","9","494,273","494,273","30,478","46,110","45,520","55,562","75,669","91,090","83,780","41,510","20,794","3,698","62"
"경상남도 창원시 의창구 (4812100000)","106,598","106,598","6,784","9,845","12,928","13,795","16,247","19,193","18,089","7,491","2,068","158","0","103,131","103,131","6,614","9,150","9,868","11,893","15,261","20,175","17,695","7,787","3,952","721","15"
"경상남도 창원시 성산구 (4812300000)","124,781","124,781","7,917","12,456","17,172","18,882","18,371","22,954","19,517","5,968","1,426","117","1","119,876","119,876","7,739","11,491","12,975","15,884","18,619","25,529","18,588","5,805","2,649","586","11"
"경상남도 창원시 마산합포구 (4812500000)","88,548","88,548","5,531","7,657","9,149","10,187","13,956","14,608","15,158","8,888","3,142","266","6","89,830","89,830","5,196","7,222","7,223","9,119","12,533","14,222","17,003","10,611","5,671","1,015","15"
"경상남도 창원시 마산회원구 (4812700000)","89,245","89,245","4,837","8,646","9,536","9,877","13,658","16,321","15,225","8,270","2,714","160","1","89,781","89,781","4,571","7,953","7,708","8,656","13,016","16,232","16,889","9,717","4,393","636","10"
"경상남도 창원시 진해구 (4812900000)","97,248","97,248","6,920","10,971","10,798","11,853","17,769","16,731","13,001","6,638","2,347","219","1","91,655","91,655","6,358","10,294","7,746","10,010","16,240","14,932","13,605","7,590","4,129","740","11"
"경상남도 진주시 (4817000000)","167,475","167,475","11,295","17,543","21,819","20,705","24,117","28,797","24,827","12,988","4,936","439","9","171,577","171,577","10,625","16,070","17,947","18,395","24,843","29,206","27,008","15,850","9,710","1,885","38"
"경상남도 통영시 (4822000000)","59,573","59,573","2,895","6,304","5,125","4,886","9,744","11,559","10,972","5,997","1,946","144","1","59,039","59,039","2,875","6,006","3,816","4,569","8,845","10,257","11,408","6,732","3,863","656","12"
"경상남도 사천시 (4824000000)","55,058","55,058","3,055","5,220","5,715","5,828","8,362","10,310","9,020","5,215","2,123","209","1","53,522","53,522","2,833","4,885","3,599","4,514","7,721","9,046","9,288","6,347","4,415","859","15"
"경상남도 사천남양출장소 (4824500000)","0","0","0","0","0","0","0","0","0","0","0","0","0","0","0","0","0","0","0","0","0","0","0","0","0","0"
"경상남도 김해시 (4825000000)","269,045","269,045","19,086","30,238","31,601","33,371","44,636","52,178","38,161","14,601","4,781","389","3","262,842","262,842","17,834","28,804","25,389","30,162","44,364","51,884","36,103","17,144","9,530","1,593","35"
"경상남도 장유출장소 (4825200000)","0","0","0","0","0","0","0","0","0","0","0","0","0","0","0","0","0","0","0","0","0","0","0","0","0","0"
"경상남도 밀양시 (4827000000)","49,812","49,812","2,055","3,729","4,103","4,233","6,094","8,836","11,362","6,607","2,566","223","4","50,896","50,896","1,996","3,401","2,937","3,480","5,395","8,363","11,491","7,582","5,273","961","17"
"경상남도 거제시 (4831000000)","122,124","122,124","8,752","14,793","11,146","12,824","24,386","24,392","16,660","6,960","2,020","185","6","110,839","110,839","8,167","13,739","8,258","11,651","21,129","20,106","15,895","7,131","3,922","822","19"
"경상남도 양산시 (4833000000)","179,741","179,741","13,931","18,643","18,142","23,174","31,434","31,384","26,311","12,097","4,259","358","8","179,342","179,342","13,084","17,904","15,561","21,526","30,029","31,575","26,845","14,124","7,455","1,208","31"
"경상남도 양산시웅상출장소 (4833200000)","0","0","0","0","0","0","0","0","0","0","0","0","0","0","0","0","0","0","0","0","0","0","0","0","0","0"
"경상남도 의령군 (4872000000)","12,525","12,525","432","706","836","790","1,260","2,360","3,318","1,845","877","98","3","12,567","12,567","357","582","529","672","1,032","1,848","2,784","2,075","2,178","498","12"
"경상남도 함안군 (4873000000)","30,213","30,213","1,298","2,773","2,451","2,218","4,002","5,921","6,562","3,455","1,381","150","2","28,713","28,713","1,172","2,608","1,575","1,873","3,628","4,775","5,658","3,759","3,026","634","5"
"경상남도 창녕군 (4874000000)","28,089","28,089","1,043","1,955","1,879","2,131","3,231","5,303","6,795","3,921","1,674","155","2","27,978","27,978","964","1,781","1,244","1,576","2,661","4,299","6,587","4,391","3,692","772","11"
"경상남도 고성군 (4882000000)","24,397","24,397","769","2,122","1,772","1,515","2,924","4,713","5,530","3,429","1,456","166","1","23,778","23,778","729","1,753","1,154","1,189","2,451","3,795","5,169","3,871","2,977","681","9"
"경상남도 남해군 (4884000000)","19,436","19,436","614","1,407","1,439","1,162","1,902","3,569","4,536","3,103","1,498","204","2","20,482","20,482","577","1,136","862","910","1,781","2,977","4,452","3,565","3,286","914","22"
"경상남도 하동군 (4885000000)","20,412","20,412","621","1,231","1,356","1,172","2,004","4,082","5,232","3,061","1,469","183","1","20,413","20,413","594","1,070","893","966","1,658","3,317","4,672","3,409","3,070","744","20"
"경상남도 산청군 (4886000000)","16,500","16,500","457","989","1,026","931","1,480","3,280","4,358","2,664","1,194","118","3","16,808","16,808","454","825","746","780","1,271","2,707","3,919","2,770","2,716","604","16"
"경상남도 함양군 (4887000000)","17,646","17,646","612","1,339","1,299","1,117","1,788","3,457","4,166","2,440","1,287","137","4","18,524","18,524","628","1,222","907","951","1,667","2,900","3,937","2,905","2,809","585","13"
"경상남도 거창군 (4888000000)","29,381","29,381","1,465","3,110","2,822","2,369","3,392","5,296","5,799","3,292","1,620","213","3","30,319","30,319","1,363","2,579","1,968","2,090","3,342","4,879","5,688","4,031","3,599","760","20"
"경상남도 합천군 (4889000000)","19,805","19,805","553","1,132","1,216","1,169","1,847","3,706","5,220","3,159","1,616","185","2","20,507","20,507","486","961","891","869","1,508","2,861","4,643","3,736","3,750","782","20"
"제주특별자치도  (5000000000)","335,483","335,483","24,568","36,252","37,578","39,459","53,321","61,846","48,455","22,954","9,956","1,078","16","335,149","335,149","23,392","33,975","32,750","38,135","52,070","57,704","48,299","26,747","17,496","4,357","224"
"제주특별자치도 제주시 (5011000000)","243,883","243,883","18,408","27,149","28,729","30,523","39,099","44,175","33,342","15,284","6,483","681","10","244,730","244,730","17,639","25,407","25,552","29,325","38,402","42,309","33,672","17,904","11,467","2,897","156"
"제주특별자치도 서귀포시 (5013000000)","91,600","91,600","6,160","9,103","8,849","8,936","14,222","17,671","15,113","7,670","3,473","397","6","90,419","90,419","5,753","8,568","7,198","8,810","13,668","15,395","14,627","8,843","6,029","1,460","68"
